id,tag
161, Inclinavit Dominus
22,(Per Annum)
65,14 EPIPHANIA D. N. J. C.
7,1st Vespers
13,2st Vespers
38,Ad 2. Vesperas
39,Ad 2. Vesperis
134,Ad benedictionem
136,Ad benedictionem sollemnem
99,Ad benedictionem Ss. Sacramenti
76,AD HONOREM B. M. V.
100,Ad I Vesperas
88,Ad invitatorium
104,Ad Laudes
144,Ad Missam vigiliae paschalis
107,Ad Nonam
4,Ad ritum initialis
106,Ad Sextam
105,Ad Tertiam
37,Ad vesperas
103,Ad Vigilias
3,added space
92,Adventus
151,Annuntiatione Dómini
8,Ascension
43,Assumptions B. Mariæ Virginis
16,B. M. V. Omnium Gratiarum Mediat.
73,B. V. MARIA ET SS. CRUX D. N. J. C.
148,BMV Claromontanæ Częstochoviensis
112,Caecilia
117,Caecilia Nocturnale Romanum
168,Christmas Matins Invitatory
113,Cisterciensis
137,Commune Apostolorum
14,Completorium
85,"Compline, Short Responsory"
160,Credidi
109,Credo
110,Credo 7
60,DE VIGILA PRO DEFUNCTO
94,DE VIGILIA PRO DEFUNCTO
19,Die 4 Aug. - S. P. Dominici Conf.
46,Dominica ad I vesperas
147,Dominica prima quadragesime
152,Dominica tertia quadragesime
11,Easter
165,Ecce quam bonum
116,Feria II ad primam
47,Feria II ad vesperas
115,Feria III ad vesperas
45,Feria IV ad vesperas
50,Feria secunda ad primam
49,Feria tertia ad vesperas
145,Feria V in Cena Domini
48,Feria VI ad vesperas
97,Hebdomada Sancta
40,In 2. Vesperis
34,In Ascensione Domini
44,In Assumptione B. Mariæ Virginis
67,IN CONVERSIONE S. PAULI.
51,In dedicatione S. Michaelis Archangeli
124,In Dominicis Adventus et Quadragesimæ
5,in dominicis et festis
93,IN EPIPHANIA D. N. J. C.
140,In Epiphania Domini
17,In Feriis extra Tempus Paschale
72,IN FERIIS VI. QUADRAGESIMÆ.
18,In Festis I et II classis B. Mariæ V. et in die Oct. solemni ejusdem.
25,In Festis II classis adhibetur sequens
78,IN FESTIS SS. CRUCIS D. N. J. C.
31,In festivitate omnium sanctorum
32,In festo D.N. Jesu Christi Regis
20,In Festo Duplici.
24,In Festo Semiduplici et infra.
108,In Festo SS. Innocentium
21,In Festo Toto Duplici
53,In Honorem B. M. V. Immaculatæ.
118,In honorem B. Mariae V.
56,In Honorem Nativitatis D. N. J. C.
155,In Honorem S. Antonii
57,IN HONOREM S. AUGUSTINI.
81,IN HONOREM S. BERNARDINI SENENSIS.
71,IN HONOREM S. CATHARINÆ BONON.
70,IN HONOREM S. COLETÆ.
63,IN HONOREM S. JOANNIS EVANGEL.
69,IN HONOREM S. MARGARITÆ DE CORTONA.
58,IN HONOREM S. MICHAELIS ARCHANGELI.
80,IN HONOREM S. PASCHALIS BAYLON.
156,In Honorem S. Petri de Alcantara
62,IN HONOREM S. STEPHANI.
54,IN HONOREM S. THOMÆ.
66,IN HONOREM SANCTÆ AGNETIS.
154,In honorem SS. Cordis Jesu
79,IN HONOREM SS. CRUCIS D. N. J. C.
59,IN HONOREM SS. NOMINIS JESU.
74,IN HONOREM SS. RESURRECTIONIS D. N. J. C.
42,In honorem SS. Sacramenti
84,IN HONOREM SS. SACRAMENTI.
83,IN HONOREM SS. TRINITATIS.
68,IN HONOREM SS. V. PROTOMARTYRUM ORDINIS.
82,IN HONOREM TRANSLATIONIS S. P. N. FRANCISCI.
138,In I Vesperis
35,In I. vesperis
143,In II Vesperis
41,In II. Vesperis
30,In Nativitate Domini
153,In Praesentatione Domini
128,In Purificatione B. Mariae Virginis (2. Febr.)
75,In resurrectione Christi.
77,IN RESURRECTIONE D. N. J. C.
102,in sollemnitatibus
64,In Vigilia Epiphaniæ.
95,"Introitus, Lent"
86,invitatorium
27,Invitatory Antiphon
141,Ite missa est alleluia
28,Lent
157,Lingua Polonica
127,Litaniae
158,Mariae Magdalenae
139,Missa pro pace
121,Missa Regalis
122,Missa Regia
111,missa regia henrico du mont
90,Most solemn tone
162,Nos qui vivimus
125,Offertorium
61,ORDO EXSEQUIARUM
142,Paschaltide
10,Pentecost
119,Per Annum
150,Praesentatione Domini
55,PRÆPARATIO ad Festum Nativitatis D. N. J. C.
23,"præterquam Tempore Paschali, et infra Octavas Solemnes et supra"
29,Quadragesima
159,Reproaches
114,Responsorium breve
26,ritual
166,"S. MATTHÆI, APOSTOLI ET EVANGELISTÆ"
167,Sabbato ad Laudes
52,Sabbato ad vesperas
91,"Sabbato sancto, in vigilia paschæ"
120,Saint Hildegard
164,Sana animam
163,Sæpe expungaverunt me
36,Sequentia
89,Solemn Tone
98,Tempore Natalis Domini
12,Tempore paschale
96,Tempore Paschali
15,Tempore Paschali in Feriis et Semiduplicibus et infra
2,Tempore Paschali In Honorem BMV
1,Tempore Pasquali In Honorem BMV
6,Tempus Adventus
123,Tono sollemnis
133,Tonus Evangelii
33,tonus festivus
129,Tonus orationis
131,Tonus simplex
130,Tonus simplex 2
132,Tonus solemnis
135,Tonus sollemnis
87,Tractus
9,Trinity Sunday
149,Tunus sollemnis
146,Veni Creator
126,Vigilia Paschale
101,WIP
